<?xml version="1.0"?>
<Runs Version="1" Minor="0">
	<Run Id="design_1_auto_pc_0_synth_1" LaunchDir="C:/Users/admin/Documents/pxl/3dejaar/embedded_os/Eindopdracht_EOS/NeoMatrix3_project/NeoMatrix3_project.runs/design_1_auto_pc_0_synth_1" FlowId="Vivado_Synthesis" FromStepId="vivado" ToStepId="vivado"/>
	<Run Id="design_1_vhdlnoclk_0_0_synth_1" LaunchDir="C:/Users/admin/Documents/pxl/3dejaar/embedded_os/Eindopdracht_EOS/NeoMatrix3_project/NeoMatrix3_project.runs/design_1_vhdlnoclk_0_0_synth_1" FlowId="Vivado_Synthesis" FromStepId="vivado" ToStepId="vivado"/>
	<Run Id="design_1_xbar_0_synth_1" LaunchDir="C:/Users/admin/Documents/pxl/3dejaar/embedded_os/Eindopdracht_EOS/NeoMatrix3_project/NeoMatrix3_project.runs/design_1_xbar_0_synth_1" FlowId="Vivado_Synthesis" FromStepId="vivado" ToStepId="vivado"/>
	<Run Id="design_1_NeoMatix64_0_0_synth_1" LaunchDir="C:/Users/admin/Documents/pxl/3dejaar/embedded_os/Eindopdracht_EOS/NeoMatrix3_project/NeoMatrix3_project.runs/design_1_NeoMatix64_0_0_synth_1" FlowId="Vivado_Synthesis" FromStepId="vivado" ToStepId="vivado"/>
	<Run Id="design_1_processing_system7_0_0_synth_1" LaunchDir="C:/Users/admin/Documents/pxl/3dejaar/embedded_os/Eindopdracht_EOS/NeoMatrix3_project/NeoMatrix3_project.runs/design_1_processing_system7_0_0_synth_1" FlowId="Vivado_Synthesis" FromStepId="vivado" ToStepId="vivado"/>
	<Run Id="design_1_rst_ps7_0_50M_0_synth_1" LaunchDir="C:/Users/admin/Documents/pxl/3dejaar/embedded_os/Eindopdracht_EOS/NeoMatrix3_project/NeoMatrix3_project.runs/design_1_rst_ps7_0_50M_0_synth_1" FlowId="Vivado_Synthesis" FromStepId="vivado" ToStepId="vivado"/>
	<Run Id="synth_1" LaunchDir="C:/Users/admin/Documents/pxl/3dejaar/embedded_os/Eindopdracht_EOS/NeoMatrix3_project/NeoMatrix3_project.runs/synth_1" FlowId="Vivado_Synthesis" FromStepId="vivado" ToStepId="vivado">
		<Parent Id="design_1_auto_pc_0_synth_1"/>
		<Parent Id="design_1_vhdlnoclk_0_0_synth_1"/>
		<Parent Id="design_1_xbar_0_synth_1"/>
		<Parent Id="design_1_NeoMatix64_0_0_synth_1"/>
		<Parent Id="design_1_processing_system7_0_0_synth_1"/>
		<Parent Id="design_1_rst_ps7_0_50M_0_synth_1"/>
	</Run>
	<Run Id="impl_1" LaunchDir="C:/Users/admin/Documents/pxl/3dejaar/embedded_os/Eindopdracht_EOS/NeoMatrix3_project/NeoMatrix3_project.runs/impl_1" FlowId="Vivado_Implementation" FromStepId="init_design" ToStepId="write_bitstream">
		<Parent Id="synth_1"/>
		<Parent Id="design_1_auto_pc_0_synth_1"/>
		<Parent Id="design_1_vhdlnoclk_0_0_synth_1"/>
		<Parent Id="design_1_xbar_0_synth_1"/>
		<Parent Id="design_1_NeoMatix64_0_0_synth_1"/>
		<Parent Id="design_1_processing_system7_0_0_synth_1"/>
		<Parent Id="design_1_rst_ps7_0_50M_0_synth_1"/>
	</Run>
	<Parameters>
		<Parameter Name="runs.monitorLSFJobs" Val="true" Type="bool"/>
	</Parameters>
</Runs>

