<?xml version="1.0" encoding="UTF-8"?>
<GenRun Id="impl_1" LaunchPart="xc7z007sclg225-1" LaunchTime="1572950967">
  <File Type="ROUTE-PWR" Name="SEG7_power_routed.rpt"/>
  <File Type="PA-TCL" Name="SEG7.tcl"/>
  <File Type="BITSTR-BMM" Name="SEG7_bd.bmm"/>
  <File Type="ROUTE-PWR-SUM" Name="SEG7_power_summary_routed.pb"/>
  <File Type="REPORTS-TCL" Name="SEG7_reports.tcl"/>
  <File Type="OPT-DCP" Name="SEG7_opt.dcp"/>
  <File Type="OPT-DRC" Name="SEG7_drc_opted.rpt"/>
  <File Type="OPT-HWDEF" Name="SEG7.hwdef"/>
  <File Type="PWROPT-DCP" Name="SEG7_pwropt.dcp"/>
  <File Type="PLACE-DCP" Name="SEG7_placed.dcp"/>
  <File Type="PLACE-IO" Name="SEG7_io_placed.rpt"/>
  <File Type="PLACE-UTIL" Name="SEG7_utilization_placed.rpt"/>
  <File Type="PLACE-UTIL-PB" Name="SEG7_utilization_placed.pb"/>
  <File Type="PLACE-CTRL" Name="SEG7_control_sets_placed.rpt"/>
  <File Type="PLACE-PRE-SIMILARITY" Name="SEG7_incremental_reuse_pre_placed.rpt"/>
  <File Type="BG-BGN" Name="SEG7.bgn"/>
  <File Type="POSTPLACE-PWROPT-DCP" Name="SEG7_postplace_pwropt.dcp"/>
  <File Type="BG-BIN" Name="SEG7.bin"/>
  <File Type="PHYSOPT-DCP" Name="SEG7_physopt.dcp"/>
  <File Type="BITSTR-MSK" Name="SEG7.msk"/>
  <File Type="ROUTE-ERROR-DCP" Name="SEG7_routed_error.dcp"/>
  <File Type="ROUTE-DCP" Name="SEG7_routed.dcp"/>
  <File Type="ROUTE-BLACKBOX-DCP" Name="SEG7_routed_bb.dcp"/>
  <File Type="ROUTE-DRC" Name="SEG7_drc_routed.rpt"/>
  <File Type="ROUTE-DRC-PB" Name="SEG7_drc_routed.pb"/>
  <File Type="ROUTE-DRC-RPX" Name="SEG7_drc_routed.rpx"/>
  <File Type="BITSTR-LTX" Name="SEG7.ltx"/>
  <File Type="ROUTE-METHODOLOGY-DRC" Name="SEG7_methodology_drc_routed.rpt"/>
  <File Type="BITSTR-MMI" Name="SEG7.mmi"/>
  <File Type="ROUTE-METHODOLOGY-DRC-RPX" Name="SEG7_methodology_drc_routed.rpx"/>
  <File Type="ROUTE-METHODOLOGY-DRC-PB" Name="SEG7_methodology_drc_routed.pb"/>
  <File Type="BITSTR-SYSDEF" Name="SEG7.sysdef"/>
  <File Type="ROUTE-PWR-RPX" Name="SEG7_power_routed.rpx"/>
  <File Type="ROUTE-STATUS" Name="SEG7_route_status.rpt"/>
  <File Type="ROUTE-STATUS-PB" Name="SEG7_route_status.pb"/>
  <File Type="ROUTE-TIMINGSUMMARY" Name="SEG7_timing_summary_routed.rpt"/>
  <File Type="ROUTE-TIMING-PB" Name="SEG7_timing_summary_routed.pb"/>
  <File Type="ROUTE-TIMING-RPX" Name="SEG7_timing_summary_routed.rpx"/>
  <File Type="ROUTE-CLK" Name="SEG7_clock_utilization_routed.rpt"/>
  <File Type="ROUTE-BUS-SKEW" Name="SEG7_bus_skew_routed.rpt"/>
  <File Type="ROUTE-BUS-SKEW-PB" Name="SEG7_bus_skew_routed.pb"/>
  <File Type="ROUTE-BUS-SKEW-RPX" Name="SEG7_bus_skew_routed.rpx"/>
  <File Type="POSTROUTE-PHYSOPT-DCP" Name="SEG7_postroute_physopt.dcp"/>
  <File Type="POSTROUTE-PHYSOPT-BLACKBOX-DCP" Name="SEG7_postroute_physopt_bb.dcp"/>
  <File Type="BG-BIT" Name="SEG7.bit"/>
  <File Type="BITSTR-RBT" Name="SEG7.rbt"/>
  <File Type="BITSTR-NKY" Name="SEG7.nky"/>
  <File Type="BG-DRC" Name="SEG7.drc"/>
  <File Type="RDI-RDI" Name="SEG7.vdi"/>
  <File Type="WBT-USG" Name="usage_statistics_webtalk.html"/>
  <FileSet Name="sources" Type="DesignSrcs" RelSrcDir="$PSRCDIR/sources_1">
    <Filter Type="Srcs"/>
    <File Path="$PSRCDIR/sources_1/new/segment.vhd">
      <FileInfo>
        <Attr Name="UsedIn" Val="synthesis"/>
        <Attr Name="UsedIn" Val="simulation"/>
      </FileInfo>
    </File>
    <Config>
      <Option Name="DesignMode" Val="RTL"/>
      <Option Name="TopModule" Val="SEG7"/>
      <Option Name="TopAutoSet" Val="TRUE"/>
    </Config>
  </FileSet>
  <FileSet Name="constrs_in" Type="Constrs" RelSrcDir="$PSRCDIR/constrs_1">
    <Filter Type="Constrs"/>
    <File Path="$PSRCDIR/constrs_1/new/segout.xdc">
      <FileInfo>
        <Attr Name="UsedIn" Val="synthesis"/>
        <Attr Name="UsedIn" Val="implementation"/>
      </FileInfo>
    </File>
    <Config>
      <Option Name="TargetConstrsFile" Val="$PSRCDIR/constrs_1/new/segout.xdc"/>
      <Option Name="ConstrsType" Val="XDC"/>
    </Config>
  </FileSet>
  <FileSet Name="utils" Type="Utils" RelSrcDir="$PSRCDIR/utils_1">
    <Filter Type="Utils"/>
    <Config>
      <Option Name="TopAutoSet" Val="TRUE"/>
    </Config>
  </FileSet>
  <Strategy Version="1" Minor="2">
    <StratHandle Name="Vivado Implementation Defaults" Flow="Vivado Implementation 2019"/>
    <Step Id="init_design"/>
    <Step Id="opt_design"/>
    <Step Id="power_opt_design"/>
    <Step Id="place_design"/>
    <Step Id="post_place_power_opt_design"/>
    <Step Id="phys_opt_design"/>
    <Step Id="route_design"/>
    <Step Id="post_route_phys_opt_design"/>
    <Step Id="write_bitstream"/>
  </Strategy>
</GenRun>
