<?xml version="1.0" encoding="UTF-8"?>
<spirit:component xmlns:xilinx="http://www.xilinx.com" xmlns:spirit="http://www.spiritconsortium.org/XMLSchema/SPIRIT/1685-2009" xmlns:xsi="http://www.w3.org/2001/XMLSchema-instance">
  <spirit:vendor>xilinx.com</spirit:vendor>
  <spirit:library>user</spirit:library>
  <spirit:name>NeonIp</spirit:name>
  <spirit:version>1.0</spirit:version>
  <spirit:busInterfaces>
    <spirit:busInterface>
      <spirit:name>S00_AXI</spirit:name>
      <spirit:busType spirit:vendor="xilinx.com" spirit:library="interface" spirit:name="aximm" spirit:version="1.0"/>
      <spirit:abstractionType spirit:vendor="xilinx.com" spirit:library="interface" spirit:name="aximm_rtl" spirit:version="1.0"/>
      <spirit:slave>
        <spirit:memoryMapRef spirit:memoryMapRef="S00_AXI"/>
      </spirit:slave>
      <spirit:portMaps>
        <spirit:portMap>
          <spirit:logicalPort>
            <spirit:name>AWADDR</spirit:name>
          </spirit:logicalPort>
          <spirit:physicalPort>
            <spirit:name>s00_axi_awaddr</spirit:name>
          </spirit:physicalPort>
        </spirit:portMap>
        <spirit:portMap>
          <spirit:logicalPort>
            <spirit:name>AWPROT</spirit:name>
          </spirit:logicalPort>
          <spirit:physicalPort>
            <spirit:name>s00_axi_awprot</spirit:name>
          </spirit:physicalPort>
        </spirit:portMap>
        <spirit:portMap>
          <spirit:logicalPort>
            <spirit:name>AWVALID</spirit:name>
          </spirit:logicalPort>
          <spirit:physicalPort>
            <spirit:name>s00_axi_awvalid</spirit:name>
          </spirit:physicalPort>
        </spirit:portMap>
        <spirit:portMap>
          <spirit:logicalPort>
            <spirit:name>AWREADY</spirit:name>
          </spirit:logicalPort>
          <spirit:physicalPort>
            <spirit:name>s00_axi_awready</spirit:name>
          </spirit:physicalPort>
        </spirit:portMap>
        <spirit:portMap>
          <spirit:logicalPort>
            <spirit:name>WDATA</spirit:name>
          </spirit:logicalPort>
          <spirit:physicalPort>
            <spirit:name>s00_axi_wdata</spirit:name>
          </spirit:physicalPort>
        </spirit:portMap>
        <spirit:portMap>
          <spirit:logicalPort>
            <spirit:name>WSTRB</spirit:name>
          </spirit:logicalPort>
          <spirit:physicalPort>
            <spirit:name>s00_axi_wstrb</spirit:name>
          </spirit:physicalPort>
        </spirit:portMap>
        <spirit:portMap>
          <spirit:logicalPort>
            <spirit:name>WVALID</spirit:name>
          </spirit:logicalPort>
          <spirit:physicalPort>
            <spirit:name>s00_axi_wvalid</spirit:name>
          </spirit:physicalPort>
        </spirit:portMap>
        <spirit:portMap>
          <spirit:logicalPort>
            <spirit:name>WREADY</spirit:name>
          </spirit:logicalPort>
          <spirit:physicalPort>
            <spirit:name>s00_axi_wready</spirit:name>
          </spirit:physicalPort>
        </spirit:portMap>
        <spirit:portMap>
          <spirit:logicalPort>
            <spirit:name>BRESP</spirit:name>
          </spirit:logicalPort>
          <spirit:physicalPort>
            <spirit:name>s00_axi_bresp</spirit:name>
          </spirit:physicalPort>
        </spirit:portMap>
        <spirit:portMap>
          <spirit:logicalPort>
            <spirit:name>BVALID</spirit:name>
          </spirit:logicalPort>
          <spirit:physicalPort>
            <spirit:name>s00_axi_bvalid</spirit:name>
          </spirit:physicalPort>
        </spirit:portMap>
        <spirit:portMap>
          <spirit:logicalPort>
            <spirit:name>BREADY</spirit:name>
          </spirit:logicalPort>
          <spirit:physicalPort>
            <spirit:name>s00_axi_bready</spirit:name>
          </spirit:physicalPort>
        </spirit:portMap>
        <spirit:portMap>
          <spirit:logicalPort>
            <spirit:name>ARADDR</spirit:name>
          </spirit:logicalPort>
          <spirit:physicalPort>
            <spirit:name>s00_axi_araddr</spirit:name>
          </spirit:physicalPort>
        </spirit:portMap>
        <spirit:portMap>
          <spirit:logicalPort>
            <spirit:name>ARPROT</spirit:name>
          </spirit:logicalPort>
          <spirit:physicalPort>
            <spirit:name>s00_axi_arprot</spirit:name>
          </spirit:physicalPort>
        </spirit:portMap>
        <spirit:portMap>
          <spirit:logicalPort>
            <spirit:name>ARVALID</spirit:name>
          </spirit:logicalPort>
          <spirit:physicalPort>
            <spirit:name>s00_axi_arvalid</spirit:name>
          </spirit:physicalPort>
        </spirit:portMap>
        <spirit:portMap>
          <spirit:logicalPort>
            <spirit:name>ARREADY</spirit:name>
          </spirit:logicalPort>
          <spirit:physicalPort>
            <spirit:name>s00_axi_arready</spirit:name>
          </spirit:physicalPort>
        </spirit:portMap>
        <spirit:portMap>
          <spirit:logicalPort>
            <spirit:name>RDATA</spirit:name>
          </spirit:logicalPort>
          <spirit:physicalPort>
            <spirit:name>s00_axi_rdata</spirit:name>
          </spirit:physicalPort>
        </spirit:portMap>
        <spirit:portMap>
          <spirit:logicalPort>
            <spirit:name>RRESP</spirit:name>
          </spirit:logicalPort>
          <spirit:physicalPort>
            <spirit:name>s00_axi_rresp</spirit:name>
          </spirit:physicalPort>
        </spirit:portMap>
        <spirit:portMap>
          <spirit:logicalPort>
            <spirit:name>RVALID</spirit:name>
          </spirit:logicalPort>
          <spirit:physicalPort>
            <spirit:name>s00_axi_rvalid</spirit:name>
          </spirit:physicalPort>
        </spirit:portMap>
        <spirit:portMap>
          <spirit:logicalPort>
            <spirit:name>RREADY</spirit:name>
          </spirit:logicalPort>
          <spirit:physicalPort>
            <spirit:name>s00_axi_rready</spirit:name>
          </spirit:physicalPort>
        </spirit:portMap>
      </spirit:portMaps>
      <spirit:parameters>
        <spirit:parameter>
          <spirit:name>WIZ_DATA_WIDTH</spirit:name>
<<<<<<< Updated upstream
          <spirit:value spirit:format="long" spirit:id="BUSIFPARAM_VALUE.S00_AXI.WIZ_DATA_WIDTH" spirit:choiceRef="choice_list_6fc15197">32</spirit:value>
=======
          <spirit:value spirit:format="long" spirit:id="BUSIFPARAM_VALUE.S00_AXI.WIZ_DATA_WIDTH" spirit:choiceRef="choice_list_ea018de4">32</spirit:value>
>>>>>>> Stashed changes
        </spirit:parameter>
        <spirit:parameter>
          <spirit:name>WIZ_NUM_REG</spirit:name>
          <spirit:value spirit:format="long" spirit:id="BUSIFPARAM_VALUE.S00_AXI.WIZ_NUM_REG" spirit:minimum="4" spirit:maximum="512" spirit:rangeType="long">4</spirit:value>
        </spirit:parameter>
        <spirit:parameter>
          <spirit:name>SUPPORTS_NARROW_BURST</spirit:name>
          <spirit:value spirit:format="long" spirit:id="BUSIFPARAM_VALUE.S00_AXI.SUPPORTS_NARROW_BURST" spirit:choiceRef="choice_pairs_ce1226b1">0</spirit:value>
        </spirit:parameter>
      </spirit:parameters>
    </spirit:busInterface>
    <spirit:busInterface>
      <spirit:name>S00_AXI_RST</spirit:name>
      <spirit:busType spirit:vendor="xilinx.com" spirit:library="signal" spirit:name="reset" spirit:version="1.0"/>
      <spirit:abstractionType spirit:vendor="xilinx.com" spirit:library="signal" spirit:name="reset_rtl" spirit:version="1.0"/>
      <spirit:slave/>
      <spirit:portMaps>
        <spirit:portMap>
          <spirit:logicalPort>
            <spirit:name>RST</spirit:name>
          </spirit:logicalPort>
          <spirit:physicalPort>
            <spirit:name>s00_axi_aresetn</spirit:name>
          </spirit:physicalPort>
        </spirit:portMap>
      </spirit:portMaps>
      <spirit:parameters>
        <spirit:parameter>
          <spirit:name>POLARITY</spirit:name>
<<<<<<< Updated upstream
          <spirit:value spirit:id="BUSIFPARAM_VALUE.S00_AXI_RST.POLARITY" spirit:choiceRef="choice_list_74b5137e">ACTIVE_LOW</spirit:value>
=======
          <spirit:value spirit:id="BUSIFPARAM_VALUE.S00_AXI_RST.POLARITY">ACTIVE_LOW</spirit:value>
>>>>>>> Stashed changes
        </spirit:parameter>
      </spirit:parameters>
    </spirit:busInterface>
    <spirit:busInterface>
      <spirit:name>S00_AXI_CLK</spirit:name>
      <spirit:busType spirit:vendor="xilinx.com" spirit:library="signal" spirit:name="clock" spirit:version="1.0"/>
      <spirit:abstractionType spirit:vendor="xilinx.com" spirit:library="signal" spirit:name="clock_rtl" spirit:version="1.0"/>
      <spirit:slave/>
      <spirit:portMaps>
        <spirit:portMap>
          <spirit:logicalPort>
            <spirit:name>CLK</spirit:name>
          </spirit:logicalPort>
          <spirit:physicalPort>
            <spirit:name>s00_axi_aclk</spirit:name>
          </spirit:physicalPort>
        </spirit:portMap>
      </spirit:portMaps>
      <spirit:parameters>
        <spirit:parameter>
          <spirit:name>ASSOCIATED_BUSIF</spirit:name>
          <spirit:value spirit:id="BUSIFPARAM_VALUE.S00_AXI_CLK.ASSOCIATED_BUSIF">S00_AXI</spirit:value>
        </spirit:parameter>
        <spirit:parameter>
          <spirit:name>ASSOCIATED_RESET</spirit:name>
          <spirit:value spirit:id="BUSIFPARAM_VALUE.S00_AXI_CLK.ASSOCIATED_RESET">s00_axi_aresetn</spirit:value>
        </spirit:parameter>
      </spirit:parameters>
    </spirit:busInterface>
<<<<<<< Updated upstream
    <spirit:busInterface>
      <spirit:name>clk</spirit:name>
      <spirit:busType spirit:vendor="xilinx.com" spirit:library="signal" spirit:name="clock" spirit:version="1.0"/>
      <spirit:abstractionType spirit:vendor="xilinx.com" spirit:library="signal" spirit:name="clock_rtl" spirit:version="1.0"/>
      <spirit:slave/>
      <spirit:portMaps>
        <spirit:portMap>
          <spirit:logicalPort>
            <spirit:name>CLK</spirit:name>
          </spirit:logicalPort>
          <spirit:physicalPort>
            <spirit:name>clk</spirit:name>
          </spirit:physicalPort>
        </spirit:portMap>
      </spirit:portMaps>
    </spirit:busInterface>
=======
>>>>>>> Stashed changes
  </spirit:busInterfaces>
  <spirit:memoryMaps>
    <spirit:memoryMap>
      <spirit:name>S00_AXI</spirit:name>
      <spirit:addressBlock>
        <spirit:name>S00_AXI_reg</spirit:name>
        <spirit:baseAddress spirit:format="long" spirit:resolve="user">0</spirit:baseAddress>
        <spirit:range spirit:format="long">4096</spirit:range>
        <spirit:width spirit:format="long">32</spirit:width>
        <spirit:usage>register</spirit:usage>
        <spirit:parameters>
          <spirit:parameter>
            <spirit:name>OFFSET_BASE_PARAM</spirit:name>
            <spirit:value spirit:id="ADDRBLOCKPARAM_VALUE.S00_AXI.S00_AXI_REG.OFFSET_BASE_PARAM">C_S00_AXI_BASEADDR</spirit:value>
          </spirit:parameter>
          <spirit:parameter>
            <spirit:name>OFFSET_HIGH_PARAM</spirit:name>
            <spirit:value spirit:id="ADDRBLOCKPARAM_VALUE.S00_AXI.S00_AXI_REG.OFFSET_HIGH_PARAM">C_S00_AXI_HIGHADDR</spirit:value>
          </spirit:parameter>
        </spirit:parameters>
      </spirit:addressBlock>
    </spirit:memoryMap>
  </spirit:memoryMaps>
  <spirit:model>
    <spirit:views>
      <spirit:view>
        <spirit:name>xilinx_vhdlsynthesis</spirit:name>
        <spirit:displayName>VHDL Synthesis</spirit:displayName>
        <spirit:envIdentifier>vhdlSource:vivado.xilinx.com:synthesis</spirit:envIdentifier>
        <spirit:language>vhdl</spirit:language>
        <spirit:modelName>NeonIp_v1_0</spirit:modelName>
        <spirit:fileSetRef>
          <spirit:localName>xilinx_vhdlsynthesis_view_fileset</spirit:localName>
        </spirit:fileSetRef>
<<<<<<< Updated upstream
        <spirit:parameters>
          <spirit:parameter>
            <spirit:name>viewChecksum</spirit:name>
            <spirit:value>57fb6cc9</spirit:value>
          </spirit:parameter>
        </spirit:parameters>
=======
>>>>>>> Stashed changes
      </spirit:view>
      <spirit:view>
        <spirit:name>xilinx_vhdlbehavioralsimulation</spirit:name>
        <spirit:displayName>VHDL Simulation</spirit:displayName>
        <spirit:envIdentifier>vhdlSource:vivado.xilinx.com:simulation</spirit:envIdentifier>
        <spirit:language>vhdl</spirit:language>
        <spirit:modelName>NeonIp_v1_0</spirit:modelName>
        <spirit:fileSetRef>
          <spirit:localName>xilinx_vhdlbehavioralsimulation_view_fileset</spirit:localName>
        </spirit:fileSetRef>
<<<<<<< Updated upstream
        <spirit:parameters>
          <spirit:parameter>
            <spirit:name>viewChecksum</spirit:name>
            <spirit:value>5a8de23f</spirit:value>
          </spirit:parameter>
        </spirit:parameters>
=======
>>>>>>> Stashed changes
      </spirit:view>
      <spirit:view>
        <spirit:name>xilinx_softwaredriver</spirit:name>
        <spirit:displayName>Software Driver</spirit:displayName>
        <spirit:envIdentifier>:vivado.xilinx.com:sw.driver</spirit:envIdentifier>
        <spirit:fileSetRef>
          <spirit:localName>xilinx_softwaredriver_view_fileset</spirit:localName>
        </spirit:fileSetRef>
<<<<<<< Updated upstream
        <spirit:parameters>
          <spirit:parameter>
            <spirit:name>viewChecksum</spirit:name>
            <spirit:value>56ad643b</spirit:value>
          </spirit:parameter>
        </spirit:parameters>
=======
>>>>>>> Stashed changes
      </spirit:view>
      <spirit:view>
        <spirit:name>xilinx_xpgui</spirit:name>
        <spirit:displayName>UI Layout</spirit:displayName>
        <spirit:envIdentifier>:vivado.xilinx.com:xgui.ui</spirit:envIdentifier>
        <spirit:fileSetRef>
          <spirit:localName>xilinx_xpgui_view_fileset</spirit:localName>
        </spirit:fileSetRef>
<<<<<<< Updated upstream
        <spirit:parameters>
          <spirit:parameter>
            <spirit:name>viewChecksum</spirit:name>
            <spirit:value>78b50979</spirit:value>
          </spirit:parameter>
        </spirit:parameters>
=======
>>>>>>> Stashed changes
      </spirit:view>
      <spirit:view>
        <spirit:name>bd_tcl</spirit:name>
        <spirit:displayName>Block Diagram</spirit:displayName>
        <spirit:envIdentifier>:vivado.xilinx.com:block.diagram</spirit:envIdentifier>
        <spirit:fileSetRef>
          <spirit:localName>bd_tcl_view_fileset</spirit:localName>
        </spirit:fileSetRef>
<<<<<<< Updated upstream
        <spirit:parameters>
          <spirit:parameter>
            <spirit:name>viewChecksum</spirit:name>
            <spirit:value>16328387</spirit:value>
          </spirit:parameter>
        </spirit:parameters>
=======
>>>>>>> Stashed changes
      </spirit:view>
    </spirit:views>
    <spirit:ports>
      <spirit:port>
<<<<<<< Updated upstream
        <spirit:name>clk</spirit:name>
        <spirit:wire>
          <spirit:direction>in</spirit:direction>
          <spirit:wireTypeDefs>
            <spirit:wireTypeDef>
              <spirit:typeName>std_logic</spirit:typeName>
              <spirit:viewNameRef>xilinx_vhdlsynthesis</spirit:viewNameRef>
              <spirit:viewNameRef>xilinx_vhdlbehavioralsimulation</spirit:viewNameRef>
            </spirit:wireTypeDef>
          </spirit:wireTypeDefs>
        </spirit:wire>
      </spirit:port>
      <spirit:port>
        <spirit:name>d_out</spirit:name>
        <spirit:wire>
          <spirit:direction>out</spirit:direction>
          <spirit:wireTypeDefs>
            <spirit:wireTypeDef>
              <spirit:typeName>std_logic</spirit:typeName>
              <spirit:viewNameRef>xilinx_vhdlsynthesis</spirit:viewNameRef>
              <spirit:viewNameRef>xilinx_vhdlbehavioralsimulation</spirit:viewNameRef>
            </spirit:wireTypeDef>
          </spirit:wireTypeDefs>
        </spirit:wire>
      </spirit:port>
      <spirit:port>
=======
>>>>>>> Stashed changes
        <spirit:name>s00_axi_awaddr</spirit:name>
        <spirit:wire>
          <spirit:direction>in</spirit:direction>
          <spirit:vector>
<<<<<<< Updated upstream
            <spirit:left spirit:format="long" spirit:resolve="dependent" spirit:dependency="(spirit:decode(id(&apos;MODELPARAM_VALUE.C_S00_AXI_ADDR_WIDTH&apos;)) - 1)">3</spirit:left>
=======
            <spirit:left spirit:format="long" spirit:resolve="dependent" spirit:dependency="(spirit:decode(id(&apos;MODELPARAM_VALUE.C_S00_AXI_ADDR_WIDTH&apos;))-1)">3</spirit:left>
>>>>>>> Stashed changes
            <spirit:right spirit:format="long">0</spirit:right>
          </spirit:vector>
          <spirit:wireTypeDefs>
            <spirit:wireTypeDef>
<<<<<<< Updated upstream
              <spirit:typeName>std_logic_vector</spirit:typeName>
=======
              <spirit:typeName>wire</spirit:typeName>
>>>>>>> Stashed changes
              <spirit:viewNameRef>xilinx_vhdlsynthesis</spirit:viewNameRef>
              <spirit:viewNameRef>xilinx_vhdlbehavioralsimulation</spirit:viewNameRef>
            </spirit:wireTypeDef>
          </spirit:wireTypeDefs>
        </spirit:wire>
      </spirit:port>
      <spirit:port>
        <spirit:name>s00_axi_awprot</spirit:name>
        <spirit:wire>
          <spirit:direction>in</spirit:direction>
          <spirit:vector>
            <spirit:left spirit:format="long">2</spirit:left>
            <spirit:right spirit:format="long">0</spirit:right>
          </spirit:vector>
          <spirit:wireTypeDefs>
            <spirit:wireTypeDef>
<<<<<<< Updated upstream
              <spirit:typeName>std_logic_vector</spirit:typeName>
=======
              <spirit:typeName>wire</spirit:typeName>
>>>>>>> Stashed changes
              <spirit:viewNameRef>xilinx_vhdlsynthesis</spirit:viewNameRef>
              <spirit:viewNameRef>xilinx_vhdlbehavioralsimulation</spirit:viewNameRef>
            </spirit:wireTypeDef>
          </spirit:wireTypeDefs>
        </spirit:wire>
      </spirit:port>
      <spirit:port>
        <spirit:name>s00_axi_awvalid</spirit:name>
        <spirit:wire>
          <spirit:direction>in</spirit:direction>
          <spirit:wireTypeDefs>
            <spirit:wireTypeDef>
<<<<<<< Updated upstream
              <spirit:typeName>std_logic</spirit:typeName>
=======
              <spirit:typeName>wire</spirit:typeName>
>>>>>>> Stashed changes
              <spirit:viewNameRef>xilinx_vhdlsynthesis</spirit:viewNameRef>
              <spirit:viewNameRef>xilinx_vhdlbehavioralsimulation</spirit:viewNameRef>
            </spirit:wireTypeDef>
          </spirit:wireTypeDefs>
        </spirit:wire>
      </spirit:port>
      <spirit:port>
        <spirit:name>s00_axi_awready</spirit:name>
        <spirit:wire>
          <spirit:direction>out</spirit:direction>
          <spirit:wireTypeDefs>
            <spirit:wireTypeDef>
<<<<<<< Updated upstream
              <spirit:typeName>std_logic</spirit:typeName>
=======
              <spirit:typeName>wire</spirit:typeName>
>>>>>>> Stashed changes
              <spirit:viewNameRef>xilinx_vhdlsynthesis</spirit:viewNameRef>
              <spirit:viewNameRef>xilinx_vhdlbehavioralsimulation</spirit:viewNameRef>
            </spirit:wireTypeDef>
          </spirit:wireTypeDefs>
        </spirit:wire>
      </spirit:port>
      <spirit:port>
        <spirit:name>s00_axi_wdata</spirit:name>
        <spirit:wire>
          <spirit:direction>in</spirit:direction>
          <spirit:vector>
<<<<<<< Updated upstream
            <spirit:left spirit:format="long" spirit:resolve="dependent" spirit:dependency="(spirit:decode(id(&apos;MODELPARAM_VALUE.C_S00_AXI_DATA_WIDTH&apos;)) - 1)">31</spirit:left>
=======
            <spirit:left spirit:format="long" spirit:resolve="dependent" spirit:dependency="(spirit:decode(id(&apos;MODELPARAM_VALUE.C_S00_AXI_DATA_WIDTH&apos;))-1)">31</spirit:left>
>>>>>>> Stashed changes
            <spirit:right spirit:format="long">0</spirit:right>
          </spirit:vector>
          <spirit:wireTypeDefs>
            <spirit:wireTypeDef>
<<<<<<< Updated upstream
              <spirit:typeName>std_logic_vector</spirit:typeName>
=======
              <spirit:typeName>wire</spirit:typeName>
>>>>>>> Stashed changes
              <spirit:viewNameRef>xilinx_vhdlsynthesis</spirit:viewNameRef>
              <spirit:viewNameRef>xilinx_vhdlbehavioralsimulation</spirit:viewNameRef>
            </spirit:wireTypeDef>
          </spirit:wireTypeDefs>
        </spirit:wire>
      </spirit:port>
      <spirit:port>
        <spirit:name>s00_axi_wstrb</spirit:name>
        <spirit:wire>
          <spirit:direction>in</spirit:direction>
          <spirit:vector>
<<<<<<< Updated upstream
            <spirit:left spirit:format="long" spirit:resolve="dependent" spirit:dependency="((spirit:decode(id(&apos;MODELPARAM_VALUE.C_S00_AXI_DATA_WIDTH&apos;)) / 8) - 1)">3</spirit:left>
=======
            <spirit:left spirit:format="long" spirit:resolve="dependent" spirit:dependency="((spirit:decode(id(&apos;MODELPARAM_VALUE.C_S00_AXI_DATA_WIDTH&apos;))/8)-1)">3</spirit:left>
>>>>>>> Stashed changes
            <spirit:right spirit:format="long">0</spirit:right>
          </spirit:vector>
          <spirit:wireTypeDefs>
            <spirit:wireTypeDef>
<<<<<<< Updated upstream
              <spirit:typeName>std_logic_vector</spirit:typeName>
=======
              <spirit:typeName>wire</spirit:typeName>
>>>>>>> Stashed changes
              <spirit:viewNameRef>xilinx_vhdlsynthesis</spirit:viewNameRef>
              <spirit:viewNameRef>xilinx_vhdlbehavioralsimulation</spirit:viewNameRef>
            </spirit:wireTypeDef>
          </spirit:wireTypeDefs>
        </spirit:wire>
      </spirit:port>
      <spirit:port>
        <spirit:name>s00_axi_wvalid</spirit:name>
        <spirit:wire>
          <spirit:direction>in</spirit:direction>
          <spirit:wireTypeDefs>
            <spirit:wireTypeDef>
<<<<<<< Updated upstream
              <spirit:typeName>std_logic</spirit:typeName>
=======
              <spirit:typeName>wire</spirit:typeName>
>>>>>>> Stashed changes
              <spirit:viewNameRef>xilinx_vhdlsynthesis</spirit:viewNameRef>
              <spirit:viewNameRef>xilinx_vhdlbehavioralsimulation</spirit:viewNameRef>
            </spirit:wireTypeDef>
          </spirit:wireTypeDefs>
        </spirit:wire>
      </spirit:port>
      <spirit:port>
        <spirit:name>s00_axi_wready</spirit:name>
        <spirit:wire>
          <spirit:direction>out</spirit:direction>
          <spirit:wireTypeDefs>
            <spirit:wireTypeDef>
<<<<<<< Updated upstream
              <spirit:typeName>std_logic</spirit:typeName>
=======
              <spirit:typeName>wire</spirit:typeName>
>>>>>>> Stashed changes
              <spirit:viewNameRef>xilinx_vhdlsynthesis</spirit:viewNameRef>
              <spirit:viewNameRef>xilinx_vhdlbehavioralsimulation</spirit:viewNameRef>
            </spirit:wireTypeDef>
          </spirit:wireTypeDefs>
        </spirit:wire>
      </spirit:port>
      <spirit:port>
        <spirit:name>s00_axi_bresp</spirit:name>
        <spirit:wire>
          <spirit:direction>out</spirit:direction>
          <spirit:vector>
            <spirit:left spirit:format="long">1</spirit:left>
            <spirit:right spirit:format="long">0</spirit:right>
          </spirit:vector>
          <spirit:wireTypeDefs>
            <spirit:wireTypeDef>
<<<<<<< Updated upstream
              <spirit:typeName>std_logic_vector</spirit:typeName>
=======
              <spirit:typeName>wire</spirit:typeName>
>>>>>>> Stashed changes
              <spirit:viewNameRef>xilinx_vhdlsynthesis</spirit:viewNameRef>
              <spirit:viewNameRef>xilinx_vhdlbehavioralsimulation</spirit:viewNameRef>
            </spirit:wireTypeDef>
          </spirit:wireTypeDefs>
        </spirit:wire>
      </spirit:port>
      <spirit:port>
        <spirit:name>s00_axi_bvalid</spirit:name>
        <spirit:wire>
          <spirit:direction>out</spirit:direction>
          <spirit:wireTypeDefs>
            <spirit:wireTypeDef>
<<<<<<< Updated upstream
              <spirit:typeName>std_logic</spirit:typeName>
=======
              <spirit:typeName>wire</spirit:typeName>
>>>>>>> Stashed changes
              <spirit:viewNameRef>xilinx_vhdlsynthesis</spirit:viewNameRef>
              <spirit:viewNameRef>xilinx_vhdlbehavioralsimulation</spirit:viewNameRef>
            </spirit:wireTypeDef>
          </spirit:wireTypeDefs>
        </spirit:wire>
      </spirit:port>
      <spirit:port>
        <spirit:name>s00_axi_bready</spirit:name>
        <spirit:wire>
          <spirit:direction>in</spirit:direction>
          <spirit:wireTypeDefs>
            <spirit:wireTypeDef>
<<<<<<< Updated upstream
              <spirit:typeName>std_logic</spirit:typeName>
=======
              <spirit:typeName>wire</spirit:typeName>
>>>>>>> Stashed changes
              <spirit:viewNameRef>xilinx_vhdlsynthesis</spirit:viewNameRef>
              <spirit:viewNameRef>xilinx_vhdlbehavioralsimulation</spirit:viewNameRef>
            </spirit:wireTypeDef>
          </spirit:wireTypeDefs>
        </spirit:wire>
      </spirit:port>
      <spirit:port>
        <spirit:name>s00_axi_araddr</spirit:name>
        <spirit:wire>
          <spirit:direction>in</spirit:direction>
          <spirit:vector>
<<<<<<< Updated upstream
            <spirit:left spirit:format="long" spirit:resolve="dependent" spirit:dependency="(spirit:decode(id(&apos;MODELPARAM_VALUE.C_S00_AXI_ADDR_WIDTH&apos;)) - 1)">3</spirit:left>
=======
            <spirit:left spirit:format="long" spirit:resolve="dependent" spirit:dependency="(spirit:decode(id(&apos;MODELPARAM_VALUE.C_S00_AXI_ADDR_WIDTH&apos;))-1)">3</spirit:left>
>>>>>>> Stashed changes
            <spirit:right spirit:format="long">0</spirit:right>
          </spirit:vector>
          <spirit:wireTypeDefs>
            <spirit:wireTypeDef>
<<<<<<< Updated upstream
              <spirit:typeName>std_logic_vector</spirit:typeName>
=======
              <spirit:typeName>wire</spirit:typeName>
>>>>>>> Stashed changes
              <spirit:viewNameRef>xilinx_vhdlsynthesis</spirit:viewNameRef>
              <spirit:viewNameRef>xilinx_vhdlbehavioralsimulation</spirit:viewNameRef>
            </spirit:wireTypeDef>
          </spirit:wireTypeDefs>
        </spirit:wire>
      </spirit:port>
      <spirit:port>
        <spirit:name>s00_axi_arprot</spirit:name>
        <spirit:wire>
          <spirit:direction>in</spirit:direction>
          <spirit:vector>
            <spirit:left spirit:format="long">2</spirit:left>
            <spirit:right spirit:format="long">0</spirit:right>
          </spirit:vector>
          <spirit:wireTypeDefs>
            <spirit:wireTypeDef>
<<<<<<< Updated upstream
              <spirit:typeName>std_logic_vector</spirit:typeName>
=======
              <spirit:typeName>wire</spirit:typeName>
>>>>>>> Stashed changes
              <spirit:viewNameRef>xilinx_vhdlsynthesis</spirit:viewNameRef>
              <spirit:viewNameRef>xilinx_vhdlbehavioralsimulation</spirit:viewNameRef>
            </spirit:wireTypeDef>
          </spirit:wireTypeDefs>
        </spirit:wire>
      </spirit:port>
      <spirit:port>
        <spirit:name>s00_axi_arvalid</spirit:name>
        <spirit:wire>
          <spirit:direction>in</spirit:direction>
          <spirit:wireTypeDefs>
            <spirit:wireTypeDef>
<<<<<<< Updated upstream
              <spirit:typeName>std_logic</spirit:typeName>
=======
              <spirit:typeName>wire</spirit:typeName>
>>>>>>> Stashed changes
              <spirit:viewNameRef>xilinx_vhdlsynthesis</spirit:viewNameRef>
              <spirit:viewNameRef>xilinx_vhdlbehavioralsimulation</spirit:viewNameRef>
            </spirit:wireTypeDef>
          </spirit:wireTypeDefs>
        </spirit:wire>
      </spirit:port>
      <spirit:port>
        <spirit:name>s00_axi_arready</spirit:name>
        <spirit:wire>
          <spirit:direction>out</spirit:direction>
          <spirit:wireTypeDefs>
            <spirit:wireTypeDef>
<<<<<<< Updated upstream
              <spirit:typeName>std_logic</spirit:typeName>
=======
              <spirit:typeName>wire</spirit:typeName>
>>>>>>> Stashed changes
              <spirit:viewNameRef>xilinx_vhdlsynthesis</spirit:viewNameRef>
              <spirit:viewNameRef>xilinx_vhdlbehavioralsimulation</spirit:viewNameRef>
            </spirit:wireTypeDef>
          </spirit:wireTypeDefs>
        </spirit:wire>
      </spirit:port>
      <spirit:port>
        <spirit:name>s00_axi_rdata</spirit:name>
        <spirit:wire>
          <spirit:direction>out</spirit:direction>
          <spirit:vector>
<<<<<<< Updated upstream
            <spirit:left spirit:format="long" spirit:resolve="dependent" spirit:dependency="(spirit:decode(id(&apos;MODELPARAM_VALUE.C_S00_AXI_DATA_WIDTH&apos;)) - 1)">31</spirit:left>
=======
            <spirit:left spirit:format="long" spirit:resolve="dependent" spirit:dependency="(spirit:decode(id(&apos;MODELPARAM_VALUE.C_S00_AXI_DATA_WIDTH&apos;))-1)">31</spirit:left>
>>>>>>> Stashed changes
            <spirit:right spirit:format="long">0</spirit:right>
          </spirit:vector>
          <spirit:wireTypeDefs>
            <spirit:wireTypeDef>
<<<<<<< Updated upstream
              <spirit:typeName>std_logic_vector</spirit:typeName>
=======
              <spirit:typeName>wire</spirit:typeName>
>>>>>>> Stashed changes
              <spirit:viewNameRef>xilinx_vhdlsynthesis</spirit:viewNameRef>
              <spirit:viewNameRef>xilinx_vhdlbehavioralsimulation</spirit:viewNameRef>
            </spirit:wireTypeDef>
          </spirit:wireTypeDefs>
        </spirit:wire>
      </spirit:port>
      <spirit:port>
        <spirit:name>s00_axi_rresp</spirit:name>
        <spirit:wire>
          <spirit:direction>out</spirit:direction>
          <spirit:vector>
            <spirit:left spirit:format="long">1</spirit:left>
            <spirit:right spirit:format="long">0</spirit:right>
          </spirit:vector>
          <spirit:wireTypeDefs>
            <spirit:wireTypeDef>
<<<<<<< Updated upstream
              <spirit:typeName>std_logic_vector</spirit:typeName>
=======
              <spirit:typeName>wire</spirit:typeName>
>>>>>>> Stashed changes
              <spirit:viewNameRef>xilinx_vhdlsynthesis</spirit:viewNameRef>
              <spirit:viewNameRef>xilinx_vhdlbehavioralsimulation</spirit:viewNameRef>
            </spirit:wireTypeDef>
          </spirit:wireTypeDefs>
        </spirit:wire>
      </spirit:port>
      <spirit:port>
        <spirit:name>s00_axi_rvalid</spirit:name>
        <spirit:wire>
          <spirit:direction>out</spirit:direction>
          <spirit:wireTypeDefs>
            <spirit:wireTypeDef>
<<<<<<< Updated upstream
              <spirit:typeName>std_logic</spirit:typeName>
=======
              <spirit:typeName>wire</spirit:typeName>
>>>>>>> Stashed changes
              <spirit:viewNameRef>xilinx_vhdlsynthesis</spirit:viewNameRef>
              <spirit:viewNameRef>xilinx_vhdlbehavioralsimulation</spirit:viewNameRef>
            </spirit:wireTypeDef>
          </spirit:wireTypeDefs>
        </spirit:wire>
      </spirit:port>
      <spirit:port>
        <spirit:name>s00_axi_rready</spirit:name>
        <spirit:wire>
          <spirit:direction>in</spirit:direction>
          <spirit:wireTypeDefs>
            <spirit:wireTypeDef>
<<<<<<< Updated upstream
              <spirit:typeName>std_logic</spirit:typeName>
=======
              <spirit:typeName>wire</spirit:typeName>
>>>>>>> Stashed changes
              <spirit:viewNameRef>xilinx_vhdlsynthesis</spirit:viewNameRef>
              <spirit:viewNameRef>xilinx_vhdlbehavioralsimulation</spirit:viewNameRef>
            </spirit:wireTypeDef>
          </spirit:wireTypeDefs>
        </spirit:wire>
      </spirit:port>
      <spirit:port>
        <spirit:name>s00_axi_aclk</spirit:name>
        <spirit:wire>
          <spirit:direction>in</spirit:direction>
          <spirit:wireTypeDefs>
            <spirit:wireTypeDef>
<<<<<<< Updated upstream
              <spirit:typeName>std_logic</spirit:typeName>
=======
              <spirit:typeName>wire</spirit:typeName>
>>>>>>> Stashed changes
              <spirit:viewNameRef>xilinx_vhdlsynthesis</spirit:viewNameRef>
              <spirit:viewNameRef>xilinx_vhdlbehavioralsimulation</spirit:viewNameRef>
            </spirit:wireTypeDef>
          </spirit:wireTypeDefs>
        </spirit:wire>
      </spirit:port>
      <spirit:port>
        <spirit:name>s00_axi_aresetn</spirit:name>
        <spirit:wire>
          <spirit:direction>in</spirit:direction>
          <spirit:wireTypeDefs>
            <spirit:wireTypeDef>
<<<<<<< Updated upstream
              <spirit:typeName>std_logic</spirit:typeName>
=======
              <spirit:typeName>wire</spirit:typeName>
>>>>>>> Stashed changes
              <spirit:viewNameRef>xilinx_vhdlsynthesis</spirit:viewNameRef>
              <spirit:viewNameRef>xilinx_vhdlbehavioralsimulation</spirit:viewNameRef>
            </spirit:wireTypeDef>
          </spirit:wireTypeDefs>
        </spirit:wire>
      </spirit:port>
    </spirit:ports>
    <spirit:modelParameters>
      <spirit:modelParameter xsi:type="spirit:nameValueTypeType" spirit:dataType="integer">
        <spirit:name>C_S00_AXI_DATA_WIDTH</spirit:name>
        <spirit:displayName>C S00 AXI DATA WIDTH</spirit:displayName>
        <spirit:description>Width of S_AXI data bus</spirit:description>
        <spirit:value spirit:format="long" spirit:resolve="generated" spirit:id="MODELPARAM_VALUE.C_S00_AXI_DATA_WIDTH" spirit:order="3" spirit:rangeType="long">32</spirit:value>
      </spirit:modelParameter>
      <spirit:modelParameter spirit:dataType="integer">
        <spirit:name>C_S00_AXI_ADDR_WIDTH</spirit:name>
        <spirit:displayName>C S00 AXI ADDR WIDTH</spirit:displayName>
        <spirit:description>Width of S_AXI address bus</spirit:description>
        <spirit:value spirit:format="long" spirit:resolve="generated" spirit:id="MODELPARAM_VALUE.C_S00_AXI_ADDR_WIDTH" spirit:order="4" spirit:rangeType="long">4</spirit:value>
      </spirit:modelParameter>
<<<<<<< Updated upstream
      <spirit:modelParameter spirit:dataType="integer">
        <spirit:name>clock_frequency</spirit:name>
        <spirit:displayName>Clock Frequency</spirit:displayName>
        <spirit:value spirit:format="long" spirit:resolve="generated" spirit:id="MODELPARAM_VALUE.clock_frequency">50000000</spirit:value>
      </spirit:modelParameter>
=======
>>>>>>> Stashed changes
    </spirit:modelParameters>
  </spirit:model>
  <spirit:choices>
    <spirit:choice>
<<<<<<< Updated upstream
      <spirit:name>choice_list_6fc15197</spirit:name>
      <spirit:enumeration>32</spirit:enumeration>
    </spirit:choice>
    <spirit:choice>
      <spirit:name>choice_list_74b5137e</spirit:name>
      <spirit:enumeration>ACTIVE_HIGH</spirit:enumeration>
      <spirit:enumeration>ACTIVE_LOW</spirit:enumeration>
    </spirit:choice>
    <spirit:choice>
=======
      <spirit:name>choice_list_ea018de4</spirit:name>
      <spirit:enumeration>32</spirit:enumeration>
    </spirit:choice>
    <spirit:choice>
>>>>>>> Stashed changes
      <spirit:name>choice_pairs_ce1226b1</spirit:name>
      <spirit:enumeration spirit:text="true">1</spirit:enumeration>
      <spirit:enumeration spirit:text="false">0</spirit:enumeration>
    </spirit:choice>
  </spirit:choices>
  <spirit:fileSets>
    <spirit:fileSet>
      <spirit:name>xilinx_vhdlsynthesis_view_fileset</spirit:name>
      <spirit:file>
<<<<<<< Updated upstream
        <spirit:name>../../project_1/project_1.srcs/constrs_1/new/Neon.xdc</spirit:name>
        <spirit:userFileType>xdc</spirit:userFileType>
      </spirit:file>
      <spirit:file>
=======
>>>>>>> Stashed changes
        <spirit:name>hdl/NeonIp_v1_0_S00_AXI.vhd</spirit:name>
        <spirit:fileType>vhdlSource</spirit:fileType>
      </spirit:file>
      <spirit:file>
<<<<<<< Updated upstream
        <spirit:name>src/NeonPixlel.vhd</spirit:name>
        <spirit:fileType>vhdlSource</spirit:fileType>
      </spirit:file>
      <spirit:file>
        <spirit:name>hdl/NeonIp_v1_0.vhd</spirit:name>
        <spirit:fileType>vhdlSource</spirit:fileType>
        <spirit:userFileType>CHECKSUM_3920e793</spirit:userFileType>
=======
        <spirit:name>hdl/NeonIp_v1_0.vhd</spirit:name>
        <spirit:fileType>vhdlSource</spirit:fileType>
        <spirit:userFileType>CHECKSUM_1c0695a9</spirit:userFileType>
>>>>>>> Stashed changes
      </spirit:file>
    </spirit:fileSet>
    <spirit:fileSet>
      <spirit:name>xilinx_vhdlbehavioralsimulation_view_fileset</spirit:name>
      <spirit:file>
        <spirit:name>hdl/NeonIp_v1_0_S00_AXI.vhd</spirit:name>
        <spirit:fileType>vhdlSource</spirit:fileType>
      </spirit:file>
      <spirit:file>
<<<<<<< Updated upstream
        <spirit:name>src/NeonPixlel.vhd</spirit:name>
        <spirit:fileType>vhdlSource</spirit:fileType>
      </spirit:file>
      <spirit:file>
=======
>>>>>>> Stashed changes
        <spirit:name>hdl/NeonIp_v1_0.vhd</spirit:name>
        <spirit:fileType>vhdlSource</spirit:fileType>
      </spirit:file>
    </spirit:fileSet>
    <spirit:fileSet>
      <spirit:name>xilinx_softwaredriver_view_fileset</spirit:name>
      <spirit:file>
        <spirit:name>drivers/NeonIp_v1_0/data/NeonIp.mdd</spirit:name>
        <spirit:userFileType>mdd</spirit:userFileType>
        <spirit:userFileType>driver_mdd</spirit:userFileType>
      </spirit:file>
      <spirit:file>
        <spirit:name>drivers/NeonIp_v1_0/data/NeonIp.tcl</spirit:name>
        <spirit:fileType>tclSource</spirit:fileType>
        <spirit:userFileType>driver_tcl</spirit:userFileType>
      </spirit:file>
      <spirit:file>
        <spirit:name>drivers/NeonIp_v1_0/src/Makefile</spirit:name>
        <spirit:userFileType>driver_src</spirit:userFileType>
      </spirit:file>
      <spirit:file>
        <spirit:name>drivers/NeonIp_v1_0/src/NeonIp.h</spirit:name>
        <spirit:fileType>cSource</spirit:fileType>
        <spirit:userFileType>driver_src</spirit:userFileType>
      </spirit:file>
      <spirit:file>
        <spirit:name>drivers/NeonIp_v1_0/src/NeonIp.c</spirit:name>
        <spirit:fileType>cSource</spirit:fileType>
        <spirit:userFileType>driver_src</spirit:userFileType>
      </spirit:file>
      <spirit:file>
        <spirit:name>drivers/NeonIp_v1_0/src/NeonIp_selftest.c</spirit:name>
        <spirit:fileType>cSource</spirit:fileType>
        <spirit:userFileType>driver_src</spirit:userFileType>
      </spirit:file>
    </spirit:fileSet>
    <spirit:fileSet>
      <spirit:name>xilinx_xpgui_view_fileset</spirit:name>
      <spirit:file>
        <spirit:name>xgui/NeonIp_v1_0.tcl</spirit:name>
        <spirit:fileType>tclSource</spirit:fileType>
<<<<<<< Updated upstream
        <spirit:userFileType>CHECKSUM_78b50979</spirit:userFileType>
=======
        <spirit:userFileType>CHECKSUM_dda4df14</spirit:userFileType>
>>>>>>> Stashed changes
        <spirit:userFileType>XGUI_VERSION_2</spirit:userFileType>
      </spirit:file>
    </spirit:fileSet>
    <spirit:fileSet>
      <spirit:name>bd_tcl_view_fileset</spirit:name>
      <spirit:file>
        <spirit:name>bd/bd.tcl</spirit:name>
        <spirit:fileType>tclSource</spirit:fileType>
      </spirit:file>
    </spirit:fileSet>
  </spirit:fileSets>
  <spirit:description>My new AXI IP</spirit:description>
  <spirit:parameters>
    <spirit:parameter>
      <spirit:name>C_S00_AXI_DATA_WIDTH</spirit:name>
      <spirit:displayName>C S00 AXI DATA WIDTH</spirit:displayName>
      <spirit:description>Width of S_AXI data bus</spirit:description>
<<<<<<< Updated upstream
      <spirit:value spirit:format="long" spirit:resolve="user" spirit:id="PARAM_VALUE.C_S00_AXI_DATA_WIDTH" spirit:choiceRef="choice_list_6fc15197" spirit:order="3">32</spirit:value>
=======
      <spirit:value spirit:format="long" spirit:resolve="user" spirit:id="PARAM_VALUE.C_S00_AXI_DATA_WIDTH" spirit:choiceRef="choice_list_ea018de4" spirit:order="3">32</spirit:value>
>>>>>>> Stashed changes
      <spirit:vendorExtensions>
        <xilinx:parameterInfo>
          <xilinx:enablement>
            <xilinx:isEnabled xilinx:id="PARAM_ENABLEMENT.C_S00_AXI_DATA_WIDTH">false</xilinx:isEnabled>
          </xilinx:enablement>
        </xilinx:parameterInfo>
      </spirit:vendorExtensions>
    </spirit:parameter>
    <spirit:parameter>
      <spirit:name>C_S00_AXI_ADDR_WIDTH</spirit:name>
      <spirit:displayName>C S00 AXI ADDR WIDTH</spirit:displayName>
      <spirit:description>Width of S_AXI address bus</spirit:description>
      <spirit:value spirit:format="long" spirit:resolve="user" spirit:id="PARAM_VALUE.C_S00_AXI_ADDR_WIDTH" spirit:order="4" spirit:rangeType="long">4</spirit:value>
      <spirit:vendorExtensions>
        <xilinx:parameterInfo>
          <xilinx:enablement>
            <xilinx:isEnabled xilinx:id="PARAM_ENABLEMENT.C_S00_AXI_ADDR_WIDTH">false</xilinx:isEnabled>
          </xilinx:enablement>
        </xilinx:parameterInfo>
      </spirit:vendorExtensions>
    </spirit:parameter>
    <spirit:parameter>
      <spirit:name>C_S00_AXI_BASEADDR</spirit:name>
      <spirit:displayName>C S00 AXI BASEADDR</spirit:displayName>
      <spirit:value spirit:format="bitString" spirit:resolve="user" spirit:id="PARAM_VALUE.C_S00_AXI_BASEADDR" spirit:order="5" spirit:bitStringLength="32">0xFFFFFFFF</spirit:value>
      <spirit:vendorExtensions>
        <xilinx:parameterInfo>
          <xilinx:enablement>
            <xilinx:isEnabled xilinx:id="PARAM_ENABLEMENT.C_S00_AXI_BASEADDR">false</xilinx:isEnabled>
          </xilinx:enablement>
        </xilinx:parameterInfo>
      </spirit:vendorExtensions>
    </spirit:parameter>
    <spirit:parameter>
      <spirit:name>C_S00_AXI_HIGHADDR</spirit:name>
      <spirit:displayName>C S00 AXI HIGHADDR</spirit:displayName>
      <spirit:value spirit:format="bitString" spirit:resolve="user" spirit:id="PARAM_VALUE.C_S00_AXI_HIGHADDR" spirit:order="6" spirit:bitStringLength="32">0x00000000</spirit:value>
      <spirit:vendorExtensions>
        <xilinx:parameterInfo>
          <xilinx:enablement>
            <xilinx:isEnabled xilinx:id="PARAM_ENABLEMENT.C_S00_AXI_HIGHADDR">false</xilinx:isEnabled>
          </xilinx:enablement>
        </xilinx:parameterInfo>
      </spirit:vendorExtensions>
    </spirit:parameter>
    <spirit:parameter>
      <spirit:name>Component_Name</spirit:name>
      <spirit:value spirit:resolve="user" spirit:id="PARAM_VALUE.Component_Name" spirit:order="1">NeonIp_v1_0</spirit:value>
    </spirit:parameter>
<<<<<<< Updated upstream
    <spirit:parameter>
      <spirit:name>clock_frequency</spirit:name>
      <spirit:displayName>Clock Frequency</spirit:displayName>
      <spirit:value spirit:format="long" spirit:resolve="user" spirit:id="PARAM_VALUE.clock_frequency">50000000</spirit:value>
    </spirit:parameter>
=======
>>>>>>> Stashed changes
  </spirit:parameters>
  <spirit:vendorExtensions>
    <xilinx:coreExtensions>
      <xilinx:supportedFamilies>
        <xilinx:family xilinx:lifeCycle="Pre-Production">zynq</xilinx:family>
      </xilinx:supportedFamilies>
      <xilinx:taxonomies>
        <xilinx:taxonomy>AXI_Peripheral</xilinx:taxonomy>
      </xilinx:taxonomies>
      <xilinx:displayName>NeonIp_v1.0</xilinx:displayName>
<<<<<<< Updated upstream
      <xilinx:coreRevision>3</xilinx:coreRevision>
      <xilinx:coreCreationDateTime>2019-11-27T10:46:55Z</xilinx:coreCreationDateTime>
      <xilinx:tags>
        <xilinx:tag xilinx:name="ui.data.coregen.dd@7070390_ARCHIVE_LOCATION">d:/Vivado_Projecten/EindOpdracht1/ip_repo/NeonIp_1.0</xilinx:tag>
        <xilinx:tag xilinx:name="ui.data.coregen.dd@4e36bc41_ARCHIVE_LOCATION">d:/Vivado_Projecten/EindOpdracht1/ip_repo/NeonIp_1.0</xilinx:tag>
        <xilinx:tag xilinx:name="ui.data.coregen.dd@2f268673_ARCHIVE_LOCATION">d:/Vivado_Projecten/EindOpdracht1/ip_repo/NeonIp_1.0</xilinx:tag>
        <xilinx:tag xilinx:name="ui.data.coregen.dd@159760af_ARCHIVE_LOCATION">d:/Vivado_Projecten/EindOpdracht1/ip_repo/NeonIp_1.0</xilinx:tag>
        <xilinx:tag xilinx:name="ui.data.coregen.dd@3d49ac93_ARCHIVE_LOCATION">d:/Vivado_Projecten/EindOpdracht1/ip_repo/NeonIp_1.0</xilinx:tag>
        <xilinx:tag xilinx:name="ui.data.coregen.dd@5f51a644_ARCHIVE_LOCATION">d:/Vivado_Projecten/EindOpdracht1/ip_repo/NeonIp_1.0</xilinx:tag>
        <xilinx:tag xilinx:name="ui.data.coregen.dd@794811bd_ARCHIVE_LOCATION">d:/Vivado_Projecten/EindOpdracht1/ip_repo/NeonIp_1.0</xilinx:tag>
        <xilinx:tag xilinx:name="ui.data.coregen.dd@93b0fb7_ARCHIVE_LOCATION">d:/Vivado_Projecten/EindOpdracht1/ip_repo/NeonIp_1.0</xilinx:tag>
        <xilinx:tag xilinx:name="ui.data.coregen.dd@5a1b1b06_ARCHIVE_LOCATION">d:/Vivado_Projecten/EindOpdracht1/ip_repo/NeonIp_1.0</xilinx:tag>
        <xilinx:tag xilinx:name="ui.data.coregen.dd@7c473cac_ARCHIVE_LOCATION">d:/Vivado_Projecten/EindOpdracht1/ip_repo/NeonIp_1.0</xilinx:tag>
        <xilinx:tag xilinx:name="ui.data.coregen.dd@7c83eb93_ARCHIVE_LOCATION">d:/Vivado_Projecten/EindOpdracht1/ip_repo/NeonIp_1.0</xilinx:tag>
        <xilinx:tag xilinx:name="ui.data.coregen.dd@175c0c50_ARCHIVE_LOCATION">d:/Vivado_Projecten/EindOpdracht1/ip_repo/NeonIp_1.0</xilinx:tag>
        <xilinx:tag xilinx:name="ui.data.coregen.dd@79a75d9_ARCHIVE_LOCATION">d:/Vivado_Projecten/EindOpdracht1/ip_repo/NeonIp_1.0</xilinx:tag>
        <xilinx:tag xilinx:name="ui.data.coregen.dd@46ddf8b9_ARCHIVE_LOCATION">d:/Vivado_Projecten/EindOpdracht1/ip_repo/NeonIp_1.0</xilinx:tag>
        <xilinx:tag xilinx:name="ui.data.coregen.dd@6d027fdc_ARCHIVE_LOCATION">d:/Vivado_Projecten/EindOpdracht1/ip_repo/NeonIp_1.0</xilinx:tag>
        <xilinx:tag xilinx:name="ui.data.coregen.dd@74457b31_ARCHIVE_LOCATION">d:/Vivado_Projecten/EindOpdracht1/ip_repo/NeonIp_1.0</xilinx:tag>
        <xilinx:tag xilinx:name="ui.data.coregen.dd@45e74a74_ARCHIVE_LOCATION">d:/Vivado_Projecten/EindOpdracht1/ip_repo/NeonIp_1.0</xilinx:tag>
        <xilinx:tag xilinx:name="ui.data.coregen.dd@5f5a0d76_ARCHIVE_LOCATION">d:/Vivado_Projecten/EindOpdracht1/ip_repo/NeonIp_1.0</xilinx:tag>
        <xilinx:tag xilinx:name="ui.data.coregen.dd@6ea4238_ARCHIVE_LOCATION">d:/Vivado_Projecten/EindOpdracht1/ip_repo/NeonIp_1.0</xilinx:tag>
        <xilinx:tag xilinx:name="ui.data.coregen.dd@5ef90058_ARCHIVE_LOCATION">d:/Vivado_Projecten/EindOpdracht1/ip_repo/NeonIp_1.0</xilinx:tag>
        <xilinx:tag xilinx:name="ui.data.coregen.dd@2f9a68d9_ARCHIVE_LOCATION">d:/Vivado_Projecten/EindOpdracht1/ip_repo/NeonIp_1.0</xilinx:tag>
        <xilinx:tag xilinx:name="ui.data.coregen.dd@79119065_ARCHIVE_LOCATION">d:/Vivado_Projecten/EindOpdracht1/ip_repo/NeonIp_1.0</xilinx:tag>
        <xilinx:tag xilinx:name="ui.data.coregen.dd@c19ef35_ARCHIVE_LOCATION">d:/Vivado_Projecten/EindOpdracht1/ip_repo/NeonIp_1.0</xilinx:tag>
        <xilinx:tag xilinx:name="ui.data.coregen.dd@5bc18efb_ARCHIVE_LOCATION">d:/Vivado_Projecten/EindOpdracht1/ip_repo/NeonIp_1.0</xilinx:tag>
        <xilinx:tag xilinx:name="ui.data.coregen.dd@5f8a601d_ARCHIVE_LOCATION">d:/Vivado_Projecten/EindOpdracht1/ip_repo/NeonIp_1.0</xilinx:tag>
        <xilinx:tag xilinx:name="ui.data.coregen.dd@72d5b45c_ARCHIVE_LOCATION">d:/Vivado_Projecten/EindOpdracht1/ip_repo/NeonIp_1.0</xilinx:tag>
        <xilinx:tag xilinx:name="ui.data.coregen.dd@235cd3f2_ARCHIVE_LOCATION">d:/Vivado_Projecten/EindOpdracht1/ip_repo/NeonIp_1.0</xilinx:tag>
        <xilinx:tag xilinx:name="ui.data.coregen.dd@8796738_ARCHIVE_LOCATION">d:/Vivado_Projecten/EindOpdracht1/ip_repo/NeonIp_1.0</xilinx:tag>
        <xilinx:tag xilinx:name="ui.data.coregen.dd@183a589d_ARCHIVE_LOCATION">d:/Vivado_Projecten/EindOpdracht1/ip_repo/NeonIp_1.0</xilinx:tag>
        <xilinx:tag xilinx:name="ui.data.coregen.dd@6b957b79_ARCHIVE_LOCATION">d:/Vivado_Projecten/EindOpdracht1/ip_repo/NeonIp_1.0</xilinx:tag>
        <xilinx:tag xilinx:name="ui.data.coregen.dd@3b43fcf4_ARCHIVE_LOCATION">d:/Vivado_Projecten/EindOpdracht1/ip_repo/NeonIp_1.0</xilinx:tag>
        <xilinx:tag xilinx:name="ui.data.coregen.dd@9cb953b_ARCHIVE_LOCATION">d:/Vivado_Projecten/EindOpdracht1/ip_repo/NeonIp_1.0</xilinx:tag>
        <xilinx:tag xilinx:name="ui.data.coregen.dd@3c314aa1_ARCHIVE_LOCATION">d:/Vivado_Projecten/EindOpdracht1/ip_repo/NeonIp_1.0</xilinx:tag>
        <xilinx:tag xilinx:name="ui.data.coregen.dd@73826ef_ARCHIVE_LOCATION">d:/Vivado_Projecten/EindOpdracht1/ip_repo/NeonIp_1.0</xilinx:tag>
        <xilinx:tag xilinx:name="ui.data.coregen.dd@48b397d8_ARCHIVE_LOCATION">d:/Vivado_Projecten/EindOpdracht1/ip_repo/NeonIp_1.0</xilinx:tag>
        <xilinx:tag xilinx:name="ui.data.coregen.dd@cd4b0f8_ARCHIVE_LOCATION">d:/Vivado_Projecten/EindOpdracht1/ip_repo/NeonIp_1.0</xilinx:tag>
        <xilinx:tag xilinx:name="ui.data.coregen.dd@1a6e4e89_ARCHIVE_LOCATION">d:/Vivado_Projecten/EindOpdracht1/ip_repo/NeonIp_1.0</xilinx:tag>
        <xilinx:tag xilinx:name="ui.data.coregen.dd@2db6aa2f_ARCHIVE_LOCATION">d:/Vivado_Projecten/EindOpdracht1/ip_repo/NeonIp_1.0</xilinx:tag>
        <xilinx:tag xilinx:name="ui.data.coregen.dd@d60165b_ARCHIVE_LOCATION">d:/Vivado_Projecten/EindOpdracht1/ip_repo/NeonIp_1.0</xilinx:tag>
        <xilinx:tag xilinx:name="ui.data.coregen.dd@64962ee1_ARCHIVE_LOCATION">d:/Vivado_Projecten/EindOpdracht1/ip_repo/NeonIp_1.0</xilinx:tag>
        <xilinx:tag xilinx:name="ui.data.coregen.dd@5e80a292_ARCHIVE_LOCATION">d:/Vivado_Projecten/EindOpdracht1/ip_repo/NeonIp_1.0</xilinx:tag>
        <xilinx:tag xilinx:name="ui.data.coregen.dd@56d0b2ef_ARCHIVE_LOCATION">d:/Vivado_Projecten/EindOpdracht1/ip_repo/NeonIp_1.0</xilinx:tag>
        <xilinx:tag xilinx:name="ui.data.coregen.dd@6a24b540_ARCHIVE_LOCATION">d:/Vivado_Projecten/EindOpdracht1/ip_repo/NeonIp_1.0</xilinx:tag>
        <xilinx:tag xilinx:name="ui.data.coregen.dd@73497c63_ARCHIVE_LOCATION">d:/Vivado_Projecten/EindOpdracht1/ip_repo/NeonIp_1.0</xilinx:tag>
        <xilinx:tag xilinx:name="ui.data.coregen.dd@60c26f3a_ARCHIVE_LOCATION">d:/Vivado_Projecten/EindOpdracht1/ip_repo/NeonIp_1.0</xilinx:tag>
        <xilinx:tag xilinx:name="ui.data.coregen.dd@4d778751_ARCHIVE_LOCATION">d:/Vivado_Projecten/EindOpdracht1/ip_repo/NeonIp_1.0</xilinx:tag>
      </xilinx:tags>
    </xilinx:coreExtensions>
    <xilinx:packagingInfo>
      <xilinx:xilinxVersion>2019.1</xilinx:xilinxVersion>
      <xilinx:checksum xilinx:scope="busInterfaces" xilinx:value="80a62947"/>
      <xilinx:checksum xilinx:scope="memoryMaps" xilinx:value="ed1368d5"/>
      <xilinx:checksum xilinx:scope="fileGroups" xilinx:value="22bd668c"/>
      <xilinx:checksum xilinx:scope="ports" xilinx:value="ddb116ad"/>
      <xilinx:checksum xilinx:scope="hdlParameters" xilinx:value="81f99730"/>
      <xilinx:checksum xilinx:scope="parameters" xilinx:value="21fc09d4"/>
=======
      <xilinx:coreRevision>1</xilinx:coreRevision>
      <xilinx:coreCreationDateTime>2019-11-26T12:59:04Z</xilinx:coreCreationDateTime>
    </xilinx:coreExtensions>
    <xilinx:packagingInfo>
      <xilinx:xilinxVersion>2019.1</xilinx:xilinxVersion>
>>>>>>> Stashed changes
    </xilinx:packagingInfo>
  </spirit:vendorExtensions>
</spirit:component>
